{"schemaVersion":"1.0","appDefinitionTemplate":{"id":"/providers/Microsoft.PowerApps/apps/","type":"Microsoft.PowerApps/apps","tags":{"primaryDeviceWidth":"122","primaryDeviceHeight":"122","supportsPortrait":"true","supportsLandscape":"true","primaryFormFactor":"Phone","publisherVersion":"3.23022.25","minimumRequiredApiVersion":"2.2.0","hasComponent":"true","hasUnlockedComponent":"true","isUnifiedRootApp":"false","sienaVersion":"20230228T092420Z-3.23022.25.0"},"properties":{"appVersion":"2023-02-28T09:24:20Z","lifeCycleId":"Published","createdByClientVersion":{"major":3,"minor":23022,"build":25,"revision":0,"majorRevision":0,"minorRevision":0},"minClientVersion":{"major":3,"minor":23022,"build":25,"revision":0,"majorRevision":0,"minorRevision":0},"backgroundColor":"RGBA(0,176,240,1)","backgroundImageUri":"/5023339972625279655/N11661c30-b243-4aa9-9e2a-bb8ff860fb17-logoSmallFile","displayName":"游戏平衡计算器","description":"","commitMessage":"","appUris":{"documentUri":{"value":"/5023339972625279655/N98fd5975-abd8-4bab-948c-b9cbf68857b8-document.msapp"},"imageUris":[],"additionalUris":[]},"createdTime":"0001-01-01T00:00:00Z","lastModifiedTime":"0001-01-01T00:00:00Z","sharedGroupsCount":0,"sharedUsersCount":0,"connectionReferences":{},"databaseReferences":{},"almMode":"Environment","performanceOptimizationEnabled":true,"canConsumeAppPass":true,"enableModernRuntimeMode":false,"executionRestrictions":{"isTeamsOnly":false,"dataLossPreventionEvaluationResult":{"status":"Compliant","lastEvaluationDate":"2023-02-22T10:50:00.4142837Z","violations":[],"violationsByPolicy":[],"violationErrorMessage":"应用使用以下连接器: 。"}}},"appType":"ClassicCanvasApp","appComponents":[]}}